[
    {
        "id": 1,
        "title": "Monthly Meeting",
        "date": "Sun, 01 Oct 2012",
        "time": "3pm to 4pm",
		"location" : "DC office room 5813",
        "description": "Monthly wrap-up meeting"
    },
    {
        "id": 2,
        "title": "Training section",
        "date": "Thu, 19 Aug 2012",
        "time": "3pm to 4pm",
		"location" : "DC office room 5813",
        "description": "Training newcommers"
    },
    {
        "id": 3,
        "title": "Insurance information",
        "date": "Wed, 18 Apr 2012",
        "time": "3pm to 4pm",
		"location" : "DC office room 7156",
        "description": "Insurance contract"
    },
    {
        "id": 4,
        "title": "Happy Hour",
        "date": "Fri, 17 Oct 2012",
        "time": "3pm to 4pm",
		"location" : "DC office room 3113",
        "description": "Happy hour"
    },
    {
        "id": 5,
        "title": "Customer call Conference",
        "date": "Sat, 17 Feb 2012",
        "time": "9am to 10am",
		"location" : "DC office room 7156",
        "description": "Calling conference with customer"
    },
	
]